序号,链接,节点数
0,https://bI8GSf.absslk.xyz/f3b19cb9eeb2e0c976e5df4ae5dd5f4f,0
1,https://pai.yt/clash,0
2,https://raw.githubusercontent.com/Huibq/TrojanLinks/master/links/vmess,0
3,https://raw.githubusercontent.com/Surfboardv2ray/TGParse/main/python/hysteria2,70
4,https://raw.githubusercontent.com/igareck/vpn-configs-for-russia/refs/heads/main/BLACK_SS+All_RUS.txt,40
5,https://raw.githubusercontent.com/ripaojiedian/freenode/main/clash,14
6,https://raw.githubusercontent.com/ripaojiedian/freenode/main/sub,14
7,https://raw.githubusercontent.com/shaoyouvip/free/refs/heads/main/all.yaml,15
8,https://www.xrayvip.com/free.txt,32

总计,,129
